rank,mechanism_id,mechanism_name,synthesis_id,effect_metric,effect_value,ci_low,ci_high,outcome,behavior_domain,k,n,source_ids,notes
1,punishment,Punishment,punishment-cooperation-2011,d,0.7,0.6,0.8,cooperation,social dilemmas,126,,balliet2011,Medium-to-large positive effect on cooperation. This is not equivalent to legal/administrative sanctions in real-world compliance settings.
2,default-options,Default options,defaults-choice-2019,d,0.68,0.53,0.83,uptake of preselected option / choice,"consumer, environmental, health and other decisions",58,73675,jachimowicz2019,"Substantial heterogeneity; three-level model estimate was d+=0.63 [0.47,0.80]."
3,prompts-reminders,Prompts and reminders,prompts-peb-2025,Hedges_g_model,0.67,0.44,0.9,pro-environmental behavior,pro-environmental behavior,114,,gemmecke2025,Model coefficient summarizes Hedges-g effect sizes across 61 studies; unconfounded prompt interventions yielded a nearly identical estimate (b=0.66).
4,implementation-intentions,Implementation intentions,implementation-intentions-goal-attainment-2006,d,0.65,,,goal attainment / behavior,multiple,94,,gollwitzer2006,Medium-to-large effect; review also reports enhanced cue accessibility and more automatic goal-directed responding.
5,autonomous-motivation,Autonomous motivation,autonomous-motivation-change-behavior-2021,d,0.47,0.32,0.62,behavior,health behaviors,18,5063,sheeran2021,Behavior effect among tests with significant target engagement; target change itself was d=0.64.
6,self-efficacy,Self-efficacy,self-efficacy-change-behavior-2016,d,0.47,,,behavior,health behaviors,,,sheeran2016,Kept separate from perceived competence despite conceptual overlap.
7,behavioral-attitudes,Behavioral attitudes,attitude-change-behavior-2016,d,0.38,,,behavior,health behaviors,,,sheeran2016,Only behavior-specific evaluations belong here; broad object attitudes remain separate.
8,intentions,Behavioral intentions,intention-change-behavior-2006,d,0.36,,,behavior,multiple,47,,webb2006,A medium-to-large intention change (d=0.66) was followed by a small-to-medium behavior change (d=0.36).
9,social-norms,Social norms,norm-change-behavior-2016,d,0.36,,,behavior,health behaviors,,,sheeran2016,Norm subtypes stay explicit and may later split when separate pooled estimates are available.
10,goal-setting,Goal setting,goal-setting-behavior-2017,d,0.34,0.28,0.41,behavior,multiple,384,16523,epton2017,384 effect sizes from 141 papers; k here denotes extracted effect sizes.
11,perceived-competence,Perceived competence,perceived-competence-change-behavior-2021,d,0.34,0.22,0.47,behavior,health behaviors,13,3667,sheeran2021,Related to self-efficacy but retained as a separate construct; target change itself was d=0.36.
12,self-monitoring,Self-monitoring of behavior,self-monitoring-sedentary-2019,Hedges_g,0.32,0.14,0.5,reduced total sedentary time,sedentary behavior,19,2800,compernolle2019,Interventions using self-monitoring reduced total sedentary time; attribution to self-monitoring alone is limited because some interventions were multicomponent.
13,risk-appraisal,Risk appraisal,risk-appraisal-change-behavior-2014,d,0.23,,,behavior,multiple health and risk behaviors,93,,sheeran2014,"Direct target-change evidence. Intention effect was d=0.31 (k=217). Combined increases in risk appraisal, response efficacy, and self-efficacy yielded a larger behavior effect (d=0.45)."
